id:INT,name:STRING,category:STRING,supplier_id:INT
1,Product1,Category27,170
2,Product2,Category52,92
3,Product3,Beauty,96
4,Product4,Home,134
5,Product5,Category51,243
6,Product6,Electronics,356
7,Product7,Category38,358
8,Product8,Category55,435
9,Product9,Category70,72
10,Product10,Category44,212
11,Product11,Sports,413
12,Product12,Beauty,115
13,Product13,Category73,332
14,Product14,Automotive,197
15,Product15,Category65,6
16,Product16,Category74,34
17,Product17,Toys,314
18,Product18,Software,18
19,Product19,Category34,41
20,Product20,Category36,67
21,Product21,Category35,453
22,Product22,Office,177
23,Product23,Category28,301
24,Product24,Category21,369
25,Product25,Category70,320
26,Product26,Category60,234
27,Product27,Category51,227
28,Product28,Category51,250
29,Product29,Health,265
30,Product30,Category81,290
31,Product31,Category85,469
32,Product32,Category71,172
33,Product33,Category78,360
34,Product34,Category57,251
35,Product35,Category63,328
36,Product36,Category40,336
37,Product37,Category22,322
38,Product38,Category50,390
39,Product39,Category35,17
40,Product40,Category84,84
41,Product41,Category83,309
42,Product42,Baby,73
43,Product43,Category83,13
44,Product44,Category74,14
45,Product45,Category68,297
46,Product46,Grocery,365
47,Product47,Category56,258
48,Product48,Category53,102
49,Product49,Category20,483
50,Product50,Category29,183
51,Product51,Category64,46
52,Product52,Garden,153
53,Product53,Category74,127
54,Product54,Category53,116
55,Product55,Category39,53
56,Product56,Category85,74
57,Product57,Category57,207
58,Product58,Category82,308
59,Product59,Category63,198
60,Product60,Category53,44
61,Product61,Category85,260
62,Product62,Electronics,40
63,Product63,Category31,160
64,Product64,Electronics,76
65,Product65,Category51,364
66,Product66,Category79,324
67,Product67,Category80,359
68,Product68,Category85,400
69,Product69,Category24,102
70,Product70,Books,347
71,Product71,Category23,20
72,Product72,Jewelry,472
73,Product73,Category69,220
74,Product74,Category29,490
75,Product75,Category43,116
76,Product76,Category50,294
77,Product77,Category28,349
78,Product78,Sports,327
79,Product79,Category52,37
80,Product80,Category33,62
81,Product81,Category36,47
82,Product82,Category74,286
83,Product83,Category76,257
84,Product84,Category27,340
85,Product85,Category37,500
86,Product86,Category68,370
87,Product87,Category43,469
88,Product88,Category49,142
89,Product89,Category49,125
90,Product90,Electronics,217
91,Product91,Category48,337
92,Product92,Category64,340
93,Product93,Category24,2
94,Product94,Category29,292
95,Product95,Category47,179
96,Product96,Category68,31
97,Product97,Category29,283
98,Product98,Category22,19
99,Product99,Category55,121
100,Product100,Category78,22
101,Product101,Category49,402
102,Product102,Category83,46
103,Product103,Garden,121
104,Product104,Garden,496
105,Product105,Category66,126
106,Product106,Category63,202
107,Product107,Health,19
108,Product108,Grocery,57
109,Product109,Electronics,191
110,Product110,Category51,62
111,Product111,Category65,205
112,Product112,Automotive,446
113,Product113,Category23,382
114,Product114,Category31,375
115,Product115,Category32,326
116,Product116,Category44,193
117,Product117,Category78,230
118,Product118,Books,245
119,Product119,Category36,301
120,Product120,Category37,48
121,Product121,Category81,86
122,Product122,Category54,291
123,Product123,Category51,19
124,Product124,Category23,223
125,Product125,Category48,39
126,Product126,Category82,274
127,Product127,Category64,95
128,Product128,Category80,328
129,Product129,Category39,490
130,Product130,Category82,302
131,Product131,Movies,422
132,Product132,Electronics,110
133,Product133,Category68,275
134,Product134,Category22,153
135,Product135,Category41,92
136,Product136,Category22,73
137,Product137,Shoes,246
138,Product138,Category34,366
139,Product139,Category49,299
140,Product140,Category29,411
141,Product141,Category42,248
142,Product142,Category36,450
143,Product143,Category25,354
144,Product144,Clothing,499
145,Product145,Category82,281
146,Product146,Category44,63
147,Product147,Category65,441
148,Product148,Home,397
149,Product149,Category57,21
150,Product150,Automotive,204
151,Product151,Category38,375
152,Product152,Category56,144
153,Product153,Category25,92
154,Product154,Category39,20
155,Product155,Electronics,211
156,Product156,Category76,429
157,Product157,Category35,77
158,Product158,Category78,297
159,Product159,Category41,374
160,Product160,Toys,92
161,Product161,Category48,474
162,Product162,Electronics,315
163,Product163,Home,431
164,Product164,Category70,343
165,Product165,Category48,78
166,Product166,Category81,499
167,Product167,Category79,62
168,Product168,Category79,98
169,Product169,Category64,91
170,Product170,Category63,432
171,Product171,Category32,324
172,Product172,Category55,246
173,Product173,Category63,436
174,Product174,Category42,158
175,Product175,Grocery,265
176,Product176,Garden,8
177,Product177,Category47,370
178,Product178,Category46,235
179,Product179,Category71,420
180,Product180,Category36,185
181,Product181,Category29,208
182,Product182,Category63,425
183,Product183,Category53,326
184,Product184,Category35,474
185,Product185,Category83,294
186,Product186,Category75,200
187,Product187,Category46,467
188,Product188,Electronics,189
189,Product189,Category27,141
190,Product190,Electronics,235
191,Product191,Electronics,219
192,Product192,Books,98
193,Product193,Garden,316
194,Product194,Garden,201
195,Product195,Category51,35
196,Product196,Category25,237
197,Product197,Category73,331
198,Product198,Category33,465
199,Product199,Category38,57
200,Product200,Category67,368
201,Product201,Category31,100
202,Product202,Category60,431
203,Product203,Category33,214
204,Product204,Category26,75
205,Product205,Category60,482
206,Product206,Movies,8
207,Product207,Category36,470
208,Product208,Category38,430
209,Product209,Toys,497
210,Product210,Movies,419
211,Product211,Electronics,356
212,Product212,Category36,316
213,Product213,Category40,197
214,Product214,Beauty,318
215,Product215,Electronics,211
216,Product216,Category68,385
217,Product217,Tools,223
218,Product218,Garden,304
219,Product219,Category37,459
220,Product220,Garden,96
221,Product221,Category25,45
222,Product222,Category58,67
223,Product223,Category65,208
224,Product224,Software,27
225,Product225,Category70,152
226,Product226,Electronics,413
227,Product227,Category31,31
228,Product228,Category38,438
229,Product229,Category28,275
230,Product230,Category83,381
231,Product231,Electronics,170
232,Product232,Category48,54
233,Product233,Electronics,406
234,Product234,Home,22
235,Product235,Category79,391
236,Product236,Music,202
237,Product237,Category21,151
238,Product238,Jewelry,381
239,Product239,Category45,15
240,Product240,Category73,321
241,Product241,Pet Supplies,150
242,Product242,Category32,186
243,Product243,Clothing,187
244,Product244,Electronics,291
245,Product245,Category28,95
246,Product246,Electronics,13
247,Product247,Category59,361
248,Product248,Movies,455
249,Product249,Category44,17
250,Product250,Category20,38
251,Product251,Category60,17
252,Product252,Category29,111
253,Product253,Sports,420
254,Product254,Electronics,404
255,Product255,Tools,50
256,Product256,Category65,312
257,Product257,Category59,163
258,Product258,Electronics,260
259,Product259,Category81,207
260,Product260,Category50,477
261,Product261,Movies,268
262,Product262,Automotive,305
263,Product263,Category71,102
264,Product264,Electronics,147
265,Product265,Category63,384
266,Product266,Category65,392
267,Product267,Category44,455
268,Product268,Books,269
269,Product269,Category72,3
270,Product270,Category70,7
271,Product271,Category33,33
272,Product272,Category37,165
273,Product273,Category69,391
274,Product274,Category63,318
275,Product275,Books,85
276,Product276,Home,292
277,Product277,Books,68
278,Product278,Category81,184
279,Product279,Category51,12
280,Product280,Category47,269
281,Product281,Category75,14
282,Product282,Category25,57
283,Product283,Category62,203
284,Product284,Clothing,114
285,Product285,Category25,490
286,Product286,Category57,304
287,Product287,Category76,420
288,Product288,Category81,48
289,Product289,Category27,104
290,Product290,Category60,56
291,Product291,Category59,446
292,Product292,Category47,488
293,Product293,Category54,114
294,Product294,Category48,38
295,Product295,Category58,293
296,Product296,Category37,278
297,Product297,Category45,475
298,Product298,Category25,223
299,Product299,Sports,63
300,Product300,Pet Supplies,3
301,Product301,Category64,314
302,Product302,Category80,194
303,Product303,Category86,260
304,Product304,Garden,293
305,Product305,Category67,246
306,Product306,Electronics,450
307,Product307,Category68,443
308,Product308,Grocery,93
309,Product309,Category33,427
310,Product310,Category26,311
311,Product311,Category84,226
312,Product312,Electronics,169
313,Product313,Electronics,139
314,Product314,Category66,418
315,Product315,Category33,186
316,Product316,Category36,19
317,Product317,Category42,486
318,Product318,Category67,24
319,Product319,Category36,301
320,Product320,Category40,362
321,Product321,Category31,315
322,Product322,Category36,71
323,Product323,Category46,191
324,Product324,Home,356
325,Product325,Category36,82
326,Product326,Category60,249
327,Product327,Electronics,191
328,Product328,Jewelry,144
329,Product329,Electronics,371
330,Product330,Category71,73
331,Product331,Category39,132
332,Product332,Category86,103
333,Product333,Category57,26
334,Product334,Category28,185
335,Product335,Category31,462
336,Product336,Category74,344
337,Product337,Category54,333
338,Product338,Category76,478
339,Product339,Category43,191
340,Product340,Category52,193
341,Product341,Category35,248
342,Product342,Category81,367
343,Product343,Category52,363
344,Product344,Toys,13
345,Product345,Category56,105
346,Product346,Category47,388
347,Product347,Category58,72
348,Product348,Category51,289
349,Product349,Category57,152
350,Product350,Electronics,2
351,Product351,Pet Supplies,18
352,Product352,Electronics,237
353,Product353,Category51,159
354,Product354,Electronics,327
355,Product355,Category35,334
356,Product356,Category32,279
357,Product357,Category45,246
358,Product358,Health,56
359,Product359,Category72,216
360,Product360,Category50,226
361,Product361,Category62,243
362,Product362,Category43,66
363,Product363,Category64,169
364,Product364,Clothing,413
365,Product365,Category50,275
366,Product366,Category46,298
367,Product367,Electronics,219
368,Product368,Category38,356
369,Product369,Category47,127
370,Product370,Books,13
371,Product371,Category29,468
372,Product372,Category39,311
373,Product373,Electronics,176
374,Product374,Category30,11
375,Product375,Category65,395
376,Product376,Category62,494
377,Product377,Category28,90
378,Product378,Home,410
379,Product379,Category28,390
380,Product380,Tools,365
381,Product381,Garden,77
382,Product382,Category84,266
383,Product383,Category57,310
384,Product384,Category68,135
385,Product385,Category62,468
386,Product386,Pet Supplies,404
387,Product387,Category26,164
388,Product388,Category46,203
389,Product389,Health,138
390,Product390,Category40,31
391,Product391,Category51,175
392,Product392,Health,411
393,Product393,Garden,298
394,Product394,Category75,401
395,Product395,Category37,192
396,Product396,Office,102
397,Product397,Category24,101
398,Product398,Electronics,232
399,Product399,Category27,327
400,Product400,Garden,33
401,Product401,Category54,458
402,Product402,Category83,411
403,Product403,Category40,122
404,Product404,Category60,78
405,Product405,Category66,264
406,Product406,Category74,274
407,Product407,Category36,89
408,Product408,Category33,109
409,Product409,Category66,91
410,Product410,Category27,280
411,Product411,Category39,130
412,Product412,Category64,487
413,Product413,Electronics,224
414,Product414,Shoes,219
415,Product415,Automotive,324
416,Product416,Category44,317
417,Product417,Category71,459
418,Product418,Category59,240
419,Product419,Category72,179
420,Product420,Category49,500
421,Product421,Electronics,114
422,Product422,Category46,131
423,Product423,Health,422
424,Product424,Electronics,463
425,Product425,Books,295
426,Product426,Garden,306
427,Product427,Category42,263
428,Product428,Beauty,49
429,Product429,Category26,276
430,Product430,Category47,94
431,Product431,Shoes,417
432,Product432,Pet Supplies,283
433,Product433,Home,459
434,Product434,Electronics,96
435,Product435,Electronics,73
436,Product436,Category73,77
437,Product437,Category50,22
438,Product438,Category85,191
439,Product439,Category22,178
440,Product440,Garden,175
441,Product441,Electronics,107
442,Product442,Garden,397
443,Product443,Category81,366
444,Product444,Category27,125
445,Product445,Category52,128
446,Product446,Baby,480
447,Product447,Category32,320
448,Product448,Category58,105
449,Product449,Category63,92
450,Product450,Category27,206
451,Product451,Beauty,92
452,Product452,Category23,302
453,Product453,Category44,329
454,Product454,Music,304
455,Product455,Category58,278
456,Product456,Category57,83
457,Product457,Electronics,268
458,Product458,Category27,359
459,Product459,Category40,218
460,Product460,Category43,335
461,Product461,Electronics,306
462,Product462,Garden,77
463,Product463,Category53,133
464,Product464,Category76,30
465,Product465,Sports,231
466,Product466,Category46,299
467,Product467,Software,73
468,Product468,Category28,123
469,Product469,Movies,272
470,Product470,Electronics,123
471,Product471,Category47,308
472,Product472,Category63,70
473,Product473,Category71,47
474,Product474,Category44,431
475,Product475,Category72,458
476,Product476,Category80,244
477,Product477,Garden,69
478,Product478,Category69,164
479,Product479,Clothing,377
480,Product480,Sports,450
481,Product481,Jewelry,110
482,Product482,Toys,133
483,Product483,Category21,188
484,Product484,Electronics,30
485,Product485,Category85,102
486,Product486,Category84,374
487,Product487,Category38,376
488,Product488,Shoes,131
489,Product489,Category25,313
490,Product490,Category64,359
491,Product491,Category70,367
492,Product492,Grocery,35
493,Product493,Category44,421
494,Product494,Category59,58
495,Product495,Category71,105
496,Product496,Beauty,497
497,Product497,Category48,423
498,Product498,Category45,452
499,Product499,Category33,310
500,Product500,Category61,118
501,Product501,Electronics,423
502,Product502,Jewelry,319
503,Product503,Category68,228
504,Product504,Category65,162
505,Product505,Category49,332
506,Product506,Category68,70
507,Product507,Sports,51
508,Product508,Office,20
509,Product509,Category60,376
510,Product510,Category81,210
511,Product511,Category77,77
512,Product512,Garden,210
513,Product513,Category38,354
514,Product514,Beauty,337
515,Product515,Category68,116
516,Product516,Category25,336
517,Product517,Category44,134
518,Product518,Category72,43
519,Product519,Category68,231
520,Product520,Electronics,177
521,Product521,Category48,13
522,Product522,Electronics,286
523,Product523,Electronics,299
524,Product524,Electronics,484
525,Product525,Category55,22
526,Product526,Category78,72
527,Product527,Category81,404
528,Product528,Software,141
529,Product529,Category75,19
530,Product530,Books,245
531,Product531,Category20,248
532,Product532,Category24,97
533,Product533,Category55,182
534,Product534,Electronics,390
535,Product535,Category66,456
536,Product536,Category74,450
537,Product537,Category74,387
538,Product538,Category84,322
539,Product539,Electronics,9
540,Product540,Baby,30
541,Product541,Category85,352
542,Product542,Category33,147
543,Product543,Category68,412
544,Product544,Category21,218
545,Product545,Category82,6
546,Product546,Category44,494
547,Product547,Category22,412
548,Product548,Grocery,139
549,Product549,Category69,242
550,Product550,Category65,269
551,Product551,Category82,471
552,Product552,Category43,250
553,Product553,Category81,341
554,Product554,Category50,59
555,Product555,Category43,189
556,Product556,Category86,419
557,Product557,Home,10
558,Product558,Category45,330
559,Product559,Category59,29
560,Product560,Baby,484
561,Product561,Category22,121
562,Product562,Books,141
563,Product563,Category61,80
564,Product564,Category46,27
565,Product565,Category29,125
566,Product566,Category60,463
567,Product567,Category74,167
568,Product568,Category47,294
569,Product569,Category74,308
570,Product570,Category33,161
571,Product571,Category75,453
572,Product572,Category35,359
573,Product573,Shoes,362
574,Product574,Category75,237
575,Product575,Category36,124
576,Product576,Category77,38
577,Product577,Electronics,399
578,Product578,Category56,182
579,Product579,Category22,59
580,Product580,Category84,154
581,Product581,Electronics,71
582,Product582,Baby,193
583,Product583,Electronics,139
584,Product584,Category67,446
585,Product585,Category55,289
586,Product586,Category34,333
587,Product587,Category52,314
588,Product588,Category32,452
589,Product589,Electronics,487
590,Product590,Toys,495
591,Product591,Category33,360
592,Product592,Category49,129
593,Product593,Category85,451
594,Product594,Category52,330
595,Product595,Category26,37
596,Product596,Category68,393
597,Product597,Category27,282
598,Product598,Category68,454
599,Product599,Category36,38
600,Product600,Category51,179
601,Product601,Category24,39
602,Product602,Category44,37
603,Product603,Category59,38
604,Product604,Category34,383
605,Product605,Home,91
606,Product606,Category66,110
607,Product607,Pet Supplies,129
608,Product608,Category84,311
609,Product609,Category24,64
610,Product610,Category58,384
611,Product611,Category42,341
612,Product612,Tools,91
613,Product613,Category75,38
614,Product614,Category81,19
615,Product615,Category33,365
616,Product616,Category50,403
617,Product617,Category55,398
618,Product618,Category29,126
619,Product619,Office,481
620,Product620,Category51,236
621,Product621,Automotive,134
622,Product622,Category23,317
623,Product623,Clothing,255
624,Product624,Category75,280
625,Product625,Category41,262
626,Product626,Category28,238
627,Product627,Category55,14
628,Product628,Electronics,118
629,Product629,Pet Supplies,197
630,Product630,Category58,498
631,Product631,Electronics,60
632,Product632,Category78,361
633,Product633,Category43,214
634,Product634,Baby,429
635,Product635,Category44,85
636,Product636,Electronics,322
637,Product637,Music,151
638,Product638,Electronics,213
639,Product639,Category50,483
640,Product640,Beauty,372
641,Product641,Category82,297
642,Product642,Automotive,88
643,Product643,Category33,442
644,Product644,Category78,428
645,Product645,Category78,3
646,Product646,Toys,368
647,Product647,Category29,488
648,Product648,Category30,471
649,Product649,Category56,68
650,Product650,Category28,137
651,Product651,Category53,360
652,Product652,Category80,355
653,Product653,Office,35
654,Product654,Electronics,312
655,Product655,Books,414
656,Product656,Category52,478
657,Product657,Baby,27
658,Product658,Automotive,397
659,Product659,Beauty,90
660,Product660,Category76,2
661,Product661,Category81,467
662,Product662,Category64,410
663,Product663,Grocery,328
664,Product664,Garden,185
665,Product665,Automotive,309
666,Product666,Category27,5
667,Product667,Category65,149
668,Product668,Category84,169
669,Product669,Category84,153
670,Product670,Category63,268
671,Product671,Category78,94
672,Product672,Category62,97
673,Product673,Category34,155
674,Product674,Category52,72
675,Product675,Category66,425
676,Product676,Category43,123
677,Product677,Category27,454
678,Product678,Category52,116
679,Product679,Category44,123
680,Product680,Category31,2
681,Product681,Category58,142
682,Product682,Electronics,500
683,Product683,Category34,157
684,Product684,Toys,231
685,Product685,Category21,473
686,Product686,Category66,459
687,Product687,Electronics,407
688,Product688,Category85,136
689,Product689,Category85,269
690,Product690,Jewelry,481
691,Product691,Grocery,381
692,Product692,Category68,421
693,Product693,Grocery,391
694,Product694,Category57,3
695,Product695,Category27,491
696,Product696,Category48,216
697,Product697,Category39,135
698,Product698,Software,373
699,Product699,Electronics,310
700,Product700,Category80,234
701,Product701,Category60,109
702,Product702,Category24,281
703,Product703,Category23,115
704,Product704,Category74,6
705,Product705,Category51,345
706,Product706,Category22,476
707,Product707,Category67,277
708,Product708,Category75,49
709,Product709,Category28,179
710,Product710,Jewelry,413
711,Product711,Category52,427
712,Product712,Electronics,496
713,Product713,Category76,14
714,Product714,Category80,330
715,Product715,Category70,10
716,Product716,Category20,351
717,Product717,Sports,306
718,Product718,Category74,97
719,Product719,Category68,337
720,Product720,Category21,371
721,Product721,Category35,346
722,Product722,Category80,114
723,Product723,Category75,153
724,Product724,Baby,95
725,Product725,Category51,252
726,Product726,Category86,134
727,Product727,Category79,413
728,Product728,Category72,143
729,Product729,Category63,407
730,Product730,Category73,142
731,Product731,Category86,210
732,Product732,Garden,275
733,Product733,Toys,278
734,Product734,Category33,297
735,Product735,Category31,91
736,Product736,Tools,81
737,Product737,Category54,276
738,Product738,Category73,41
739,Product739,Category27,398
740,Product740,Category34,220
741,Product741,Toys,127
742,Product742,Category26,35
743,Product743,Category31,277
744,Product744,Electronics,314
745,Product745,Category69,115
746,Product746,Electronics,273
747,Product747,Category34,427
748,Product748,Category57,145
749,Product749,Electronics,280
750,Product750,Electronics,126
751,Product751,Automotive,262
752,Product752,Category82,365
753,Product753,Category68,206
754,Product754,Category53,266
755,Product755,Category52,432
756,Product756,Grocery,355
757,Product757,Office,317
758,Product758,Category75,247
759,Product759,Category59,177
760,Product760,Category71,146
761,Product761,Category45,247
762,Product762,Health,157
763,Product763,Books,399
764,Product764,Category76,92
765,Product765,Category54,243
766,Product766,Category45,48
767,Product767,Category47,191
768,Product768,Jewelry,397
769,Product769,Category44,230
770,Product770,Automotive,379
771,Product771,Category83,389
772,Product772,Category20,265
773,Product773,Shoes,460
774,Product774,Category70,440
775,Product775,Category31,468
776,Product776,Category56,144
777,Product777,Category47,395
778,Product778,Baby,199
779,Product779,Category61,407
780,Product780,Category64,162
781,Product781,Category57,308
782,Product782,Books,431
783,Product783,Category64,7
784,Product784,Category39,189
785,Product785,Category24,367
786,Product786,Category32,216
787,Product787,Category54,325
788,Product788,Category50,255
789,Product789,Category44,380
790,Product790,Category20,332
791,Product791,Category25,249
792,Product792,Category63,403
793,Product793,Category28,278
794,Product794,Category40,38
795,Product795,Category64,242
796,Product796,Category69,375
797,Product797,Automotive,465
798,Product798,Garden,26
799,Product799,Category70,164
800,Product800,Electronics,139
801,Product801,Category41,439
802,Product802,Category64,15
803,Product803,Category22,358
804,Product804,Category51,468
805,Product805,Category29,263
806,Product806,Beauty,86
807,Product807,Category73,77
808,Product808,Books,472
809,Product809,Category72,14
810,Product810,Category73,373
811,Product811,Category27,393
812,Product812,Category82,156
813,Product813,Category80,222
814,Product814,Category23,203
815,Product815,Category78,474
816,Product816,Category81,205
817,Product817,Category80,371
818,Product818,Category44,450
819,Product819,Category51,453
820,Product820,Category79,396
821,Product821,Category39,332
822,Product822,Category52,246
823,Product823,Category30,308
824,Product824,Category81,174
825,Product825,Category25,450
826,Product826,Electronics,81
827,Product827,Category84,103
828,Product828,Category85,349
829,Product829,Electronics,353
830,Product830,Home,123
831,Product831,Category49,271
832,Product832,Category77,87
833,Product833,Category30,266
834,Product834,Category46,374
835,Product835,Electronics,480
836,Product836,Category22,130
837,Product837,Category76,244
838,Product838,Category27,372
839,Product839,Category29,46
840,Product840,Category63,160
841,Product841,Electronics,348
842,Product842,Category85,274
843,Product843,Category55,386
844,Product844,Category53,97
845,Product845,Category35,398
846,Product846,Category80,226
847,Product847,Category56,220
848,Product848,Category47,128
849,Product849,Category20,362
850,Product850,Baby,28
851,Product851,Beauty,171
852,Product852,Category73,152
853,Product853,Electronics,382
854,Product854,Category70,120
855,Product855,Electronics,58
856,Product856,Category41,474
857,Product857,Category75,464
858,Product858,Category26,495
859,Product859,Software,453
860,Product860,Category24,100
861,Product861,Category83,239
862,Product862,Electronics,97
863,Product863,Category38,444
864,Product864,Category32,452
865,Product865,Health,48
866,Product866,Movies,209
867,Product867,Category71,37
868,Product868,Category28,393
869,Product869,Electronics,432
870,Product870,Tools,425
871,Product871,Shoes,431
872,Product872,Category33,22
873,Product873,Category33,168
874,Product874,Category45,358
875,Product875,Category52,4
876,Product876,Category32,401
877,Product877,Category71,415
878,Product878,Category51,472
879,Product879,Category26,262
880,Product880,Category50,284
881,Product881,Category30,387
882,Product882,Category55,146
883,Product883,Category26,54
884,Product884,Movies,279
885,Product885,Category41,63
886,Product886,Category65,454
887,Product887,Toys,65
888,Product888,Electronics,31
889,Product889,Grocery,403
890,Product890,Electronics,260
891,Product891,Category47,446
892,Product892,Category29,376
893,Product893,Category22,49
894,Product894,Category55,62
895,Product895,Tools,231
896,Product896,Electronics,91
897,Product897,Category76,269
898,Product898,Category77,465
899,Product899,Category62,233
900,Product900,Category23,183
901,Product901,Office,466
902,Product902,Category72,289
903,Product903,Category45,414
904,Product904,Category26,167
905,Product905,Category60,21
906,Product906,Category20,475
907,Product907,Electronics,173
908,Product908,Category31,346
909,Product909,Clothing,219
910,Product910,Shoes,341
911,Product911,Category58,260
912,Product912,Category55,471
913,Product913,Category81,255
914,Product914,Category69,456
915,Product915,Category86,268
916,Product916,Category37,62
917,Product917,Category24,109
918,Product918,Category28,204
919,Product919,Category45,190
920,Product920,Pet Supplies,249
921,Product921,Category55,226
922,Product922,Category63,276
923,Product923,Category64,127
924,Product924,Category23,109
925,Product925,Category65,18
926,Product926,Category83,41
927,Product927,Category68,258
928,Product928,Category26,182
929,Product929,Category76,205
930,Product930,Electronics,311
931,Product931,Category63,123
932,Product932,Category33,44
933,Product933,Category50,23
934,Product934,Category59,268
935,Product935,Pet Supplies,269
936,Product936,Electronics,368
937,Product937,Category45,24
938,Product938,Category23,213
939,Product939,Electronics,33
940,Product940,Category76,323
941,Product941,Category65,342
942,Product942,Category47,439
943,Product943,Sports,431
944,Product944,Category63,89
945,Product945,Category38,412
946,Product946,Category75,94
947,Product947,Category50,222
948,Product948,Category59,115
949,Product949,Category58,53
950,Product950,Category28,87
951,Product951,Toys,462
952,Product952,Category37,259
953,Product953,Category39,217
954,Product954,Category76,291
955,Product955,Category85,31
956,Product956,Category61,326
957,Product957,Automotive,63
958,Product958,Beauty,405
959,Product959,Category59,83
960,Product960,Category38,200
961,Product961,Category70,454
962,Product962,Electronics,402
963,Product963,Category56,327
964,Product964,Category62,221
965,Product965,Category53,474
966,Product966,Category44,166
967,Product967,Category44,385
968,Product968,Category55,245
969,Product969,Electronics,482
970,Product970,Category61,10
971,Product971,Category51,499
972,Product972,Category70,229
973,Product973,Category82,275
974,Product974,Category55,429
975,Product975,Category76,301
976,Product976,Clothing,457
977,Product977,Category82,252
978,Product978,Category50,368
979,Product979,Pet Supplies,344
980,Product980,Category52,3
981,Product981,Tools,301
982,Product982,Category25,399
983,Product983,Category40,498
984,Product984,Category78,156
985,Product985,Home,157
986,Product986,Electronics,286
987,Product987,Category49,112
988,Product988,Category27,23
989,Product989,Category25,122
990,Product990,Office,177
991,Product991,Category35,90
992,Product992,Category34,76
993,Product993,Category66,9
994,Product994,Category77,35
995,Product995,Category27,4
996,Product996,Category60,53
997,Product997,Category56,452
998,Product998,Category33,15
999,Product999,Category33,295
1000,Product1000,Books,391
1001,Product1001,Category62,203
1002,Product1002,Category41,249
1003,Product1003,Shoes,384
1004,Product1004,Office,265
1005,Product1005,Electronics,266
1006,Product1006,Category24,337
1007,Product1007,Electronics,461
1008,Product1008,Clothing,243
1009,Product1009,Category32,178
1010,Product1010,Category67,309
1011,Product1011,Category69,388
1012,Product1012,Category86,276
1013,Product1013,Beauty,449
1014,Product1014,Category35,36
1015,Product1015,Category51,15
1016,Product1016,Category23,344
1017,Product1017,Category86,316
1018,Product1018,Electronics,247
1019,Product1019,Grocery,439
1020,Product1020,Category67,441
1021,Product1021,Category58,267
1022,Product1022,Books,352
1023,Product1023,Sports,389
1024,Product1024,Category24,126
1025,Product1025,Garden,463
1026,Product1026,Category63,416
1027,Product1027,Category30,336
1028,Product1028,Category25,322
1029,Product1029,Category31,159
1030,Product1030,Category84,111
1031,Product1031,Category69,386
1032,Product1032,Category28,42
1033,Product1033,Category74,460
1034,Product1034,Beauty,464
1035,Product1035,Category33,397
1036,Product1036,Category68,331
1037,Product1037,Category32,419
1038,Product1038,Toys,125
1039,Product1039,Category45,120
1040,Product1040,Category57,41
1041,Product1041,Category60,278
1042,Product1042,Category83,420
1043,Product1043,Automotive,34
1044,Product1044,Category55,288
1045,Product1045,Category77,419
1046,Product1046,Category43,464
1047,Product1047,Category75,296
1048,Product1048,Electronics,312
1049,Product1049,Category41,265
1050,Product1050,Electronics,215
1051,Product1051,Category82,457
1052,Product1052,Category40,286
1053,Product1053,Category57,26
1054,Product1054,Category63,431
1055,Product1055,Health,491
1056,Product1056,Category85,473
1057,Product1057,Category69,445
1058,Product1058,Sports,311
1059,Product1059,Category61,106
1060,Product1060,Category74,123
1061,Product1061,Music,359
1062,Product1062,Shoes,41
1063,Product1063,Category20,168
1064,Product1064,Category25,390
1065,Product1065,Category56,153
1066,Product1066,Category69,277
1067,Product1067,Category39,38
1068,Product1068,Electronics,105
1069,Product1069,Category77,205
1070,Product1070,Category72,332
1071,Product1071,Electronics,122
1072,Product1072,Category69,439
1073,Product1073,Category72,73
1074,Product1074,Category24,442
1075,Product1075,Category59,229
1076,Product1076,Category25,116
1077,Product1077,Automotive,119
1078,Product1078,Category35,157
1079,Product1079,Category46,190
1080,Product1080,Category65,70
1081,Product1081,Sports,213
1082,Product1082,Category40,422
1083,Product1083,Category63,481
1084,Product1084,Category44,107
1085,Product1085,Category47,330
1086,Product1086,Category81,84
1087,Product1087,Category38,242
1088,Product1088,Category36,344
1089,Product1089,Electronics,204
1090,Product1090,Category67,441
1091,Product1091,Category70,276
1092,Product1092,Category32,462
1093,Product1093,Category80,456
1094,Product1094,Category74,212
1095,Product1095,Clothing,375
1096,Product1096,Category78,99
1097,Product1097,Category77,120
1098,Product1098,Electronics,218
1099,Product1099,Category47,297
1100,Product1100,Category46,42
1101,Product1101,Category82,451
1102,Product1102,Category80,279
1103,Product1103,Electronics,69
1104,Product1104,Category65,336
1105,Product1105,Category29,436
1106,Product1106,Category68,396
1107,Product1107,Category56,380
1108,Product1108,Sports,394
1109,Product1109,Category25,156
1110,Product1110,Category81,242
1111,Product1111,Category20,284
1112,Product1112,Category30,194
1113,Product1113,Category71,96
1114,Product1114,Category73,237
1115,Product1115,Category29,135
1116,Product1116,Electronics,450
1117,Product1117,Grocery,129
1118,Product1118,Category28,162
1119,Product1119,Category58,126
1120,Product1120,Baby,317
1121,Product1121,Category66,360
1122,Product1122,Category51,339
1123,Product1123,Electronics,429
1124,Product1124,Electronics,115
1125,Product1125,Category78,121
1126,Product1126,Category76,426
1127,Product1127,Category80,495
1128,Product1128,Category42,308
1129,Product1129,Category26,423
1130,Product1130,Category58,463
1131,Product1131,Category65,97
1132,Product1132,Category40,285
1133,Product1133,Office,293
1134,Product1134,Category34,171
1135,Product1135,Category23,67
1136,Product1136,Category80,296
1137,Product1137,Category47,146
1138,Product1138,Category43,320
1139,Product1139,Category22,94
1140,Product1140,Category24,218
1141,Product1141,Category33,193
1142,Product1142,Electronics,354
1143,Product1143,Books,234
1144,Product1144,Electronics,198
1145,Product1145,Category83,233
1146,Product1146,Category41,48
1147,Product1147,Category23,68
1148,Product1148,Electronics,439
1149,Product1149,Health,365
1150,Product1150,Category50,462
1151,Product1151,Movies,18
1152,Product1152,Category66,84
1153,Product1153,Category81,3
1154,Product1154,Beauty,469
1155,Product1155,Toys,260
1156,Product1156,Category55,255
1157,Product1157,Category52,462
1158,Product1158,Home,101
1159,Product1159,Category36,336
1160,Product1160,Category80,450
1161,Product1161,Category80,465
1162,Product1162,Health,426
1163,Product1163,Category84,319
1164,Product1164,Category64,475
1165,Product1165,Category75,381
1166,Product1166,Toys,397
1167,Product1167,Category84,449
1168,Product1168,Office,116
1169,Product1169,Category72,91
1170,Product1170,Category76,134
1171,Product1171,Category65,262
1172,Product1172,Category28,190
1173,Product1173,Category24,64
1174,Product1174,Electronics,170
1175,Product1175,Beauty,270
1176,Product1176,Category43,461
1177,Product1177,Category82,355
1178,Product1178,Category72,246
1179,Product1179,Category24,343
1180,Product1180,Category22,361
1181,Product1181,Category45,180
1182,Product1182,Category73,361
1183,Product1183,Category47,339
1184,Product1184,Category86,105
1185,Product1185,Category66,35
1186,Product1186,Category72,451
1187,Product1187,Category54,413
1188,Product1188,Office,470
1189,Product1189,Category67,83
1190,Product1190,Electronics,204
1191,Product1191,Grocery,495
1192,Product1192,Category71,360
1193,Product1193,Home,255
1194,Product1194,Grocery,172
1195,Product1195,Category52,81
1196,Product1196,Category56,292
1197,Product1197,Electronics,241
1198,Product1198,Category74,308
1199,Product1199,Category77,135
1200,Product1200,Category85,92
1201,Product1201,Electronics,145
1202,Product1202,Category44,82
1203,Product1203,Baby,178
1204,Product1204,Category79,404
1205,Product1205,Category24,495
1206,Product1206,Electronics,350
1207,Product1207,Category63,80
1208,Product1208,Category48,159
1209,Product1209,Beauty,30
1210,Product1210,Category69,393
1211,Product1211,Category71,324
1212,Product1212,Category26,135
1213,Product1213,Category28,300
1214,Product1214,Category76,427
1215,Product1215,Category63,254
1216,Product1216,Software,357
1217,Product1217,Electronics,219
1218,Product1218,Electronics,334
1219,Product1219,Category70,481
1220,Product1220,Category54,17
1221,Product1221,Beauty,134
1222,Product1222,Health,189
1223,Product1223,Category49,137
1224,Product1224,Category34,40
1225,Product1225,Electronics,324
1226,Product1226,Category53,433
1227,Product1227,Category66,116
1228,Product1228,Office,159
1229,Product1229,Category83,157
1230,Product1230,Electronics,449
1231,Product1231,Category50,477
1232,Product1232,Category32,206
1233,Product1233,Beauty,373
1234,Product1234,Category36,339
1235,Product1235,Category76,464
1236,Product1236,Pet Supplies,131
1237,Product1237,Automotive,55
1238,Product1238,Category86,189
1239,Product1239,Category24,102
1240,Product1240,Category46,435
1241,Product1241,Category38,454
1242,Product1242,Category62,276
1243,Product1243,Garden,376
1244,Product1244,Category56,495
1245,Product1245,Health,196
1246,Product1246,Category50,190
1247,Product1247,Category52,73
1248,Product1248,Category74,276
1249,Product1249,Category23,53
1250,Product1250,Electronics,327
1251,Product1251,Category32,16
1252,Product1252,Category21,347
1253,Product1253,Category40,114
1254,Product1254,Category65,71
1255,Product1255,Category56,23
1256,Product1256,Category55,404
1257,Product1257,Category26,249
1258,Product1258,Category31,177
1259,Product1259,Category79,388
1260,Product1260,Category72,417
1261,Product1261,Category73,85
1262,Product1262,Category38,337
1263,Product1263,Category39,20
1264,Product1264,Category21,366
1265,Product1265,Category75,214
1266,Product1266,Category32,397
1267,Product1267,Category26,475
1268,Product1268,Home,132
1269,Product1269,Category54,341
1270,Product1270,Category38,268
1271,Product1271,Sports,302
1272,Product1272,Shoes,362
1273,Product1273,Category52,31
1274,Product1274,Category67,94
1275,Product1275,Category72,133
1276,Product1276,Music,342
1277,Product1277,Office,44
1278,Product1278,Category85,407
1279,Product1279,Category20,347
1280,Product1280,Category45,281
1281,Product1281,Category54,391
1282,Product1282,Electronics,434
1283,Product1283,Category26,277
1284,Product1284,Category76,137
1285,Product1285,Category77,78
1286,Product1286,Electronics,66
1287,Product1287,Category82,81
1288,Product1288,Category58,134
1289,Product1289,Baby,134
1290,Product1290,Category75,442
1291,Product1291,Pet Supplies,363
1292,Product1292,Category53,313
1293,Product1293,Health,42
1294,Product1294,Category38,465
1295,Product1295,Category85,268
1296,Product1296,Electronics,464
1297,Product1297,Grocery,332
1298,Product1298,Category25,213
1299,Product1299,Category39,398
1300,Product1300,Category79,13
1301,Product1301,Category29,6
1302,Product1302,Category22,172
1303,Product1303,Category50,9
1304,Product1304,Category22,80
1305,Product1305,Category86,22
1306,Product1306,Category41,333
1307,Product1307,Category84,417
1308,Product1308,Category37,186
1309,Product1309,Category75,164
1310,Product1310,Jewelry,57
1311,Product1311,Category31,500
1312,Product1312,Category66,391
1313,Product1313,Category45,26
1314,Product1314,Automotive,156
1315,Product1315,Category27,98
1316,Product1316,Sports,450
1317,Product1317,Category74,236
1318,Product1318,Electronics,292
1319,Product1319,Category64,112
1320,Product1320,Category83,426
1321,Product1321,Category53,437
1322,Product1322,Category62,262
1323,Product1323,Jewelry,475
1324,Product1324,Category82,158
1325,Product1325,Category45,9
1326,Product1326,Category81,263
1327,Product1327,Category27,190
1328,Product1328,Category67,153
1329,Product1329,Category28,195
1330,Product1330,Category56,457
1331,Product1331,Category63,140
1332,Product1332,Electronics,281
1333,Product1333,Category73,210
1334,Product1334,Grocery,160
1335,Product1335,Category35,231
1336,Product1336,Category45,402
1337,Product1337,Category21,219
1338,Product1338,Jewelry,324
1339,Product1339,Category24,75
1340,Product1340,Category53,240
1341,Product1341,Category54,401
1342,Product1342,Category77,348
1343,Product1343,Category35,11
1344,Product1344,Category29,199
1345,Product1345,Category61,232
1346,Product1346,Category21,406
1347,Product1347,Category55,248
1348,Product1348,Category69,408
1349,Product1349,Category75,54
1350,Product1350,Category29,248
1351,Product1351,Category30,212
1352,Product1352,Category36,106
1353,Product1353,Category85,334
1354,Product1354,Category80,80
1355,Product1355,Category54,323
1356,Product1356,Category77,93
1357,Product1357,Category25,257
1358,Product1358,Category39,105
1359,Product1359,Category54,45
1360,Product1360,Category86,124
1361,Product1361,Electronics,474
1362,Product1362,Category73,290
1363,Product1363,Category82,179
1364,Product1364,Category51,259
1365,Product1365,Category29,14
1366,Product1366,Category78,325
1367,Product1367,Category51,452
1368,Product1368,Category71,141
1369,Product1369,Category78,392
1370,Product1370,Category26,152
1371,Product1371,Category26,288
1372,Product1372,Category24,108
1373,Product1373,Jewelry,29
1374,Product1374,Category80,153
1375,Product1375,Category52,183
1376,Product1376,Category64,423
1377,Product1377,Category36,293
1378,Product1378,Category69,487
1379,Product1379,Category30,387
1380,Product1380,Category60,262
1381,Product1381,Category72,189
1382,Product1382,Category30,27
1383,Product1383,Category85,93
1384,Product1384,Electronics,359
1385,Product1385,Pet Supplies,252
1386,Product1386,Category64,203
1387,Product1387,Category46,436
1388,Product1388,Category27,179
1389,Product1389,Category23,465
1390,Product1390,Category44,181
1391,Product1391,Home,191
1392,Product1392,Category62,176
1393,Product1393,Beauty,342
1394,Product1394,Category58,379
1395,Product1395,Category50,10
1396,Product1396,Category48,286
1397,Product1397,Category79,155
1398,Product1398,Music,491
1399,Product1399,Category74,312
1400,Product1400,Books,228
1401,Product1401,Category75,406
1402,Product1402,Jewelry,158
1403,Product1403,Category55,39
1404,Product1404,Toys,486
1405,Product1405,Category34,364
1406,Product1406,Grocery,307
1407,Product1407,Pet Supplies,334
1408,Product1408,Category26,370
1409,Product1409,Category38,301
1410,Product1410,Home,36
1411,Product1411,Sports,167
1412,Product1412,Category53,16
1413,Product1413,Category77,484
1414,Product1414,Category67,132
1415,Product1415,Category38,93
1416,Product1416,Tools,291
1417,Product1417,Category60,172
1418,Product1418,Electronics,84
1419,Product1419,Category35,186
1420,Product1420,Category63,484
1421,Product1421,Jewelry,53
1422,Product1422,Category80,193
1423,Product1423,Category75,280
1424,Product1424,Category81,497
1425,Product1425,Category62,245
1426,Product1426,Category61,190
1427,Product1427,Category42,308
1428,Product1428,Category22,278
1429,Product1429,Category37,200
1430,Product1430,Shoes,327
1431,Product1431,Category45,79
1432,Product1432,Category48,307
1433,Product1433,Health,379
1434,Product1434,Category46,314
1435,Product1435,Garden,290
1436,Product1436,Electronics,1
1437,Product1437,Category73,162
1438,Product1438,Category75,173
1439,Product1439,Electronics,310
1440,Product1440,Category40,9
1441,Product1441,Software,421
1442,Product1442,Category82,390
1443,Product1443,Software,417
1444,Product1444,Category71,284
1445,Product1445,Automotive,308
1446,Product1446,Home,328
1447,Product1447,Electronics,300
1448,Product1448,Category48,436
1449,Product1449,Electronics,24
1450,Product1450,Category54,405
1451,Product1451,Electronics,137
1452,Product1452,Category61,381
1453,Product1453,Category64,446
1454,Product1454,Category30,395
1455,Product1455,Health,57
1456,Product1456,Category51,295
1457,Product1457,Category79,12
1458,Product1458,Category54,492
1459,Product1459,Jewelry,177
1460,Product1460,Category50,313
1461,Product1461,Category63,269
1462,Product1462,Category76,400
1463,Product1463,Category30,265
1464,Product1464,Category86,287
1465,Product1465,Category81,386
1466,Product1466,Category82,319
1467,Product1467,Category73,299
1468,Product1468,Electronics,28
1469,Product1469,Electronics,219
1470,Product1470,Category70,165
1471,Product1471,Beauty,453
1472,Product1472,Category61,430
1473,Product1473,Category46,328
1474,Product1474,Beauty,341
1475,Product1475,Electronics,250
1476,Product1476,Category42,121
1477,Product1477,Movies,404
1478,Product1478,Category57,321
1479,Product1479,Movies,472
1480,Product1480,Category56,67
1481,Product1481,Category49,368
1482,Product1482,Books,462
1483,Product1483,Category61,58
1484,Product1484,Category44,10
1485,Product1485,Category80,118
1486,Product1486,Garden,35
1487,Product1487,Sports,443
1488,Product1488,Category60,136
1489,Product1489,Category38,70
1490,Product1490,Category43,227
1491,Product1491,Category34,478
1492,Product1492,Category28,44
1493,Product1493,Category37,282
1494,Product1494,Category71,214
1495,Product1495,Category50,27
1496,Product1496,Grocery,90
1497,Product1497,Category29,89
1498,Product1498,Category31,20
1499,Product1499,Category25,184
1500,Product1500,Automotive,78
1501,Product1501,Category34,425
1502,Product1502,Category35,111
1503,Product1503,Garden,499
1504,Product1504,Category45,34
1505,Product1505,Category63,333
1506,Product1506,Books,272
1507,Product1507,Home,314
1508,Product1508,Baby,463
1509,Product1509,Category80,288
1510,Product1510,Category63,133
1511,Product1511,Category65,464
1512,Product1512,Category23,182
1513,Product1513,Category36,363
1514,Product1514,Software,63
1515,Product1515,Category51,202
1516,Product1516,Category49,88
1517,Product1517,Category31,495
1518,Product1518,Baby,117
1519,Product1519,Category77,330
1520,Product1520,Category22,17
1521,Product1521,Category61,313
1522,Product1522,Category65,218
1523,Product1523,Category81,369
1524,Product1524,Books,310
1525,Product1525,Software,66
1526,Product1526,Category64,72
1527,Product1527,Category85,255
1528,Product1528,Grocery,122
1529,Product1529,Category25,291
1530,Product1530,Category57,118
1531,Product1531,Category29,415
1532,Product1532,Category65,61
1533,Product1533,Category23,341
1534,Product1534,Category24,498
1535,Product1535,Category37,83
1536,Product1536,Category73,413
1537,Product1537,Category32,407
1538,Product1538,Category24,309
1539,Product1539,Category26,476
1540,Product1540,Category69,443
1541,Product1541,Category35,259
1542,Product1542,Category72,499
1543,Product1543,Category24,66
1544,Product1544,Category45,387
1545,Product1545,Category51,297
1546,Product1546,Category64,60
1547,Product1547,Category73,383
1548,Product1548,Books,361
1549,Product1549,Category41,137
1550,Product1550,Category75,97
1551,Product1551,Electronics,89
1552,Product1552,Category26,167
1553,Product1553,Category70,240
1554,Product1554,Category81,365
1555,Product1555,Category36,54
1556,Product1556,Category25,467
1557,Product1557,Jewelry,15
1558,Product1558,Category42,239
1559,Product1559,Category56,322
1560,Product1560,Category20,104
1561,Product1561,Category30,240
1562,Product1562,Grocery,68
1563,Product1563,Category53,307
1564,Product1564,Books,158
1565,Product1565,Category64,432
1566,Product1566,Baby,468
1567,Product1567,Category32,200
1568,Product1568,Category38,36
1569,Product1569,Category38,311
1570,Product1570,Category72,105
1571,Product1571,Category49,416
1572,Product1572,Category43,492
1573,Product1573,Category28,457
1574,Product1574,Toys,269
1575,Product1575,Category27,434
1576,Product1576,Category73,130
1577,Product1577,Category25,208
1578,Product1578,Category70,488
1579,Product1579,Category86,200
1580,Product1580,Jewelry,235
1581,Product1581,Beauty,452
1582,Product1582,Category37,139
1583,Product1583,Category38,362
1584,Product1584,Category40,230
1585,Product1585,Category23,216
1586,Product1586,Category24,420
1587,Product1587,Baby,203
1588,Product1588,Category30,115
1589,Product1589,Category77,97
1590,Product1590,Category30,296
1591,Product1591,Electronics,462
1592,Product1592,Category49,114
1593,Product1593,Category53,248
1594,Product1594,Category25,344
1595,Product1595,Category52,413
1596,Product1596,Category24,445
1597,Product1597,Electronics,195
1598,Product1598,Category24,298
1599,Product1599,Category80,189
1600,Product1600,Category31,170
1601,Product1601,Movies,235
1602,Product1602,Category71,266
1603,Product1603,Electronics,209
1604,Product1604,Clothing,162
1605,Product1605,Category44,144
1606,Product1606,Clothing,380
1607,Product1607,Category36,261
1608,Product1608,Category57,264
1609,Product1609,Category43,382
1610,Product1610,Category84,339
1611,Product1611,Category48,487
1612,Product1612,Category52,80
1613,Product1613,Category59,173
1614,Product1614,Office,276
1615,Product1615,Category56,126
1616,Product1616,Category32,492
1617,Product1617,Grocery,484
1618,Product1618,Category67,243
1619,Product1619,Jewelry,22
1620,Product1620,Category83,277
1621,Product1621,Category57,312
1622,Product1622,Category51,289
1623,Product1623,Category57,124
1624,Product1624,Category37,5
1625,Product1625,Category43,120
1626,Product1626,Software,297
1627,Product1627,Category40,243
1628,Product1628,Home,19
1629,Product1629,Category36,178
1630,Product1630,Category26,75
1631,Product1631,Electronics,451
1632,Product1632,Beauty,113
1633,Product1633,Category60,287
1634,Product1634,Category63,435
1635,Product1635,Category33,176
1636,Product1636,Category45,196
1637,Product1637,Software,455
1638,Product1638,Category78,123
1639,Product1639,Category34,78
1640,Product1640,Electronics,377
1641,Product1641,Category67,234
1642,Product1642,Category22,325
1643,Product1643,Category56,457
1644,Product1644,Category62,322
1645,Product1645,Electronics,441
1646,Product1646,Category29,358
1647,Product1647,Beauty,146
1648,Product1648,Software,119
1649,Product1649,Grocery,151
1650,Product1650,Category73,72
1651,Product1651,Books,284
1652,Product1652,Shoes,172
1653,Product1653,Category67,187
1654,Product1654,Grocery,151
1655,Product1655,Office,149
1656,Product1656,Category30,486
1657,Product1657,Category26,91
1658,Product1658,Category30,65
1659,Product1659,Music,366
1660,Product1660,Clothing,433
1661,Product1661,Books,320
1662,Product1662,Electronics,164
1663,Product1663,Category77,55
1664,Product1664,Electronics,171
1665,Product1665,Category70,90
1666,Product1666,Category45,153
1667,Product1667,Music,418
1668,Product1668,Category71,363
1669,Product1669,Electronics,25
1670,Product1670,Electronics,246
1671,Product1671,Electronics,21
1672,Product1672,Category73,101
1673,Product1673,Category27,344
1674,Product1674,Category61,406
1675,Product1675,Category66,480
1676,Product1676,Electronics,314
1677,Product1677,Jewelry,12
1678,Product1678,Category32,333
1679,Product1679,Health,71
1680,Product1680,Category29,149
1681,Product1681,Category71,299
1682,Product1682,Category29,341
1683,Product1683,Category64,318
1684,Product1684,Category67,8
1685,Product1685,Electronics,406
1686,Product1686,Category65,82
1687,Product1687,Category47,405
1688,Product1688,Category83,153
1689,Product1689,Software,26
1690,Product1690,Category36,217
1691,Product1691,Category58,49
1692,Product1692,Category39,157
1693,Product1693,Garden,87
1694,Product1694,Category44,264
1695,Product1695,Electronics,399
1696,Product1696,Garden,122
1697,Product1697,Category34,474
1698,Product1698,Category62,70
1699,Product1699,Health,352
1700,Product1700,Category74,45
1701,Product1701,Category24,252
1702,Product1702,Category54,346
1703,Product1703,Category63,162
1704,Product1704,Category44,92
1705,Product1705,Category46,311
1706,Product1706,Category36,212
1707,Product1707,Category58,487
1708,Product1708,Category59,416
1709,Product1709,Grocery,11
1710,Product1710,Category47,459
1711,Product1711,Category61,102
1712,Product1712,Category76,29
1713,Product1713,Category39,207
1714,Product1714,Garden,98
1715,Product1715,Tools,77
1716,Product1716,Category21,31
1717,Product1717,Category38,174
1718,Product1718,Category41,111
1719,Product1719,Category55,67
1720,Product1720,Pet Supplies,185
1721,Product1721,Category61,161
1722,Product1722,Category86,196
1723,Product1723,Electronics,112
1724,Product1724,Category43,125
1725,Product1725,Category62,163
1726,Product1726,Tools,396
1727,Product1727,Category36,296
1728,Product1728,Office,342
1729,Product1729,Movies,69
1730,Product1730,Electronics,478
1731,Product1731,Category69,125
1732,Product1732,Category75,234
1733,Product1733,Category20,480
1734,Product1734,Category40,160
1735,Product1735,Category57,320
1736,Product1736,Category71,25
1737,Product1737,Electronics,433
1738,Product1738,Category28,147
1739,Product1739,Category77,384
1740,Product1740,Tools,274
1741,Product1741,Category33,239
1742,Product1742,Category49,239
1743,Product1743,Category86,449
1744,Product1744,Category21,306
1745,Product1745,Category24,24
1746,Product1746,Category36,212
1747,Product1747,Pet Supplies,462
1748,Product1748,Electronics,11
1749,Product1749,Category82,65
1750,Product1750,Category70,40
1751,Product1751,Category50,136
1752,Product1752,Category46,283
1753,Product1753,Category83,435
1754,Product1754,Baby,297
1755,Product1755,Category23,3
1756,Product1756,Category23,247
1757,Product1757,Category61,215
1758,Product1758,Electronics,77
1759,Product1759,Category62,298
1760,Product1760,Automotive,444
1761,Product1761,Category61,334
1762,Product1762,Shoes,479
1763,Product1763,Category33,154
1764,Product1764,Movies,4
1765,Product1765,Category25,173
1766,Product1766,Category43,131
1767,Product1767,Sports,12
1768,Product1768,Beauty,6
1769,Product1769,Category31,17
1770,Product1770,Garden,265
1771,Product1771,Category61,378
1772,Product1772,Category67,330
1773,Product1773,Electronics,217
1774,Product1774,Category48,104
1775,Product1775,Automotive,102
1776,Product1776,Category80,22
1777,Product1777,Category41,408
1778,Product1778,Toys,324
1779,Product1779,Office,447
1780,Product1780,Shoes,108
1781,Product1781,Category51,186
1782,Product1782,Category61,489
1783,Product1783,Office,298
1784,Product1784,Category28,38
1785,Product1785,Category55,473
1786,Product1786,Category75,316
1787,Product1787,Category72,356
1788,Product1788,Electronics,415
1789,Product1789,Category58,56
1790,Product1790,Category60,35
1791,Product1791,Category47,376
1792,Product1792,Category29,267
1793,Product1793,Category21,256
1794,Product1794,Category53,197
1795,Product1795,Health,481
1796,Product1796,Category63,299
1797,Product1797,Category67,428
1798,Product1798,Category23,149
1799,Product1799,Category53,269
1800,Product1800,Category32,58
1801,Product1801,Electronics,97
1802,Product1802,Category32,192
1803,Product1803,Category44,157
1804,Product1804,Category70,248
1805,Product1805,Category28,292
1806,Product1806,Automotive,220
1807,Product1807,Music,264
1808,Product1808,Category84,156
1809,Product1809,Category60,330
1810,Product1810,Category37,122
1811,Product1811,Category67,283
1812,Product1812,Category49,42
1813,Product1813,Category59,431
1814,Product1814,Category61,195
1815,Product1815,Category22,64
1816,Product1816,Category44,14
1817,Product1817,Category32,342
1818,Product1818,Category84,137
1819,Product1819,Electronics,387
1820,Product1820,Category47,103
1821,Product1821,Category79,154
1822,Product1822,Category20,174
1823,Product1823,Category72,52
1824,Product1824,Beauty,195
1825,Product1825,Electronics,436
1826,Product1826,Home,72
1827,Product1827,Category71,50
1828,Product1828,Electronics,449
1829,Product1829,Garden,443
1830,Product1830,Category82,388
1831,Product1831,Category39,401
1832,Product1832,Category66,395
1833,Product1833,Category61,91
1834,Product1834,Category58,132
1835,Product1835,Category50,422
1836,Product1836,Category69,262
1837,Product1837,Category47,306
1838,Product1838,Category83,304
1839,Product1839,Category63,220
1840,Product1840,Category78,347
1841,Product1841,Category34,338
1842,Product1842,Category63,123
1843,Product1843,Pet Supplies,253
1844,Product1844,Category74,223
1845,Product1845,Category51,215
1846,Product1846,Category76,460
1847,Product1847,Office,293
1848,Product1848,Category31,309
1849,Product1849,Category57,305
1850,Product1850,Electronics,38
1851,Product1851,Category76,56
1852,Product1852,Sports,365
1853,Product1853,Clothing,422
1854,Product1854,Clothing,58
1855,Product1855,Electronics,52
1856,Product1856,Software,176
1857,Product1857,Category38,169
1858,Product1858,Category83,222
1859,Product1859,Garden,344
1860,Product1860,Category85,108
1861,Product1861,Category33,129
1862,Product1862,Category37,137
1863,Product1863,Category76,295
1864,Product1864,Books,490
1865,Product1865,Category36,314
1866,Product1866,Category65,29
1867,Product1867,Category40,66
1868,Product1868,Category23,15
1869,Product1869,Category28,205
1870,Product1870,Category70,345
1871,Product1871,Category23,182
1872,Product1872,Electronics,404
1873,Product1873,Category75,57
1874,Product1874,Category31,298
1875,Product1875,Category76,261
1876,Product1876,Category53,298
1877,Product1877,Category52,113
1878,Product1878,Category53,206
1879,Product1879,Category50,325
1880,Product1880,Category32,329
1881,Product1881,Toys,294
1882,Product1882,Shoes,313
1883,Product1883,Category58,56
1884,Product1884,Category43,147
1885,Product1885,Category67,304
1886,Product1886,Category58,7
1887,Product1887,Category76,421
1888,Product1888,Software,152
1889,Product1889,Category62,122
1890,Product1890,Electronics,99
1891,Product1891,Category49,264
1892,Product1892,Category34,476
1893,Product1893,Category61,81
1894,Product1894,Category73,264
1895,Product1895,Category67,194
1896,Product1896,Jewelry,299
1897,Product1897,Category56,446
1898,Product1898,Category84,109
1899,Product1899,Category45,156
1900,Product1900,Category46,331
1901,Product1901,Office,281
1902,Product1902,Music,444
1903,Product1903,Category26,349
1904,Product1904,Category30,267
1905,Product1905,Category31,412
1906,Product1906,Category69,304
1907,Product1907,Electronics,378
1908,Product1908,Electronics,94
1909,Product1909,Category64,267
1910,Product1910,Shoes,320
1911,Product1911,Category75,357
1912,Product1912,Electronics,331
1913,Product1913,Category70,398
1914,Product1914,Category36,49
1915,Product1915,Category57,255
1916,Product1916,Electronics,63
1917,Product1917,Category84,456
1918,Product1918,Category41,188
1919,Product1919,Category48,392
1920,Product1920,Category67,483
1921,Product1921,Category32,457
1922,Product1922,Category48,445
1923,Product1923,Category43,24
1924,Product1924,Category75,192
1925,Product1925,Category33,158
1926,Product1926,Category82,68
1927,Product1927,Category82,174
1928,Product1928,Garden,207
1929,Product1929,Grocery,33
1930,Product1930,Category84,357
1931,Product1931,Category83,369
1932,Product1932,Category74,380
1933,Product1933,Category47,447
1934,Product1934,Category67,475
1935,Product1935,Category47,97
1936,Product1936,Category77,156
1937,Product1937,Category29,180
1938,Product1938,Category79,97
1939,Product1939,Electronics,126
1940,Product1940,Garden,469
1941,Product1941,Category51,277
1942,Product1942,Category85,69
1943,Product1943,Category81,196
1944,Product1944,Category20,342
1945,Product1945,Category51,3
1946,Product1946,Category55,88
1947,Product1947,Office,262
1948,Product1948,Pet Supplies,164
1949,Product1949,Electronics,129
1950,Product1950,Category53,242
1951,Product1951,Category64,250
1952,Product1952,Category27,379
1953,Product1953,Clothing,50
1954,Product1954,Category44,85
1955,Product1955,Category23,111
1956,Product1956,Category64,79
1957,Product1957,Category84,115
1958,Product1958,Category40,494
1959,Product1959,Category62,82
1960,Product1960,Category79,401
1961,Product1961,Garden,160
1962,Product1962,Category54,123
1963,Product1963,Category52,441
1964,Product1964,Category20,15
1965,Product1965,Category41,250
1966,Product1966,Category52,199
1967,Product1967,Category33,270
1968,Product1968,Category72,21
1969,Product1969,Category31,81
1970,Product1970,Toys,452
1971,Product1971,Category21,425
1972,Product1972,Category40,271
1973,Product1973,Category45,262
1974,Product1974,Category47,59
1975,Product1975,Category68,261
1976,Product1976,Category79,151
1977,Product1977,Category76,381
1978,Product1978,Category73,359
1979,Product1979,Category59,474
1980,Product1980,Category72,85
1981,Product1981,Category49,498
1982,Product1982,Category78,207
1983,Product1983,Electronics,457
1984,Product1984,Category72,317
1985,Product1985,Category24,435
1986,Product1986,Category77,490
1987,Product1987,Category51,39
1988,Product1988,Category56,410
1989,Product1989,Category49,442
1990,Product1990,Category59,264
1991,Product1991,Tools,294
1992,Product1992,Category61,440
1993,Product1993,Category55,210
1994,Product1994,Category49,169
1995,Product1995,Category61,486
1996,Product1996,Electronics,305
1997,Product1997,Category75,310
1998,Product1998,Toys,249
1999,Product1999,Category51,86
2000,Product2000,Category85,169
2001,Product2001,Office,253
2002,Product2002,Category21,445
2003,Product2003,Category79,398
2004,Product2004,Category45,36
2005,Product2005,Clothing,242
2006,Product2006,Category28,299
2007,Product2007,Category39,358
2008,Product2008,Category27,270
2009,Product2009,Category56,492
2010,Product2010,Category77,56
2011,Product2011,Category31,472
2012,Product2012,Electronics,436
2013,Product2013,Category52,49
2014,Product2014,Pet Supplies,61
2015,Product2015,Category49,306
2016,Product2016,Category67,411
2017,Product2017,Category77,388
2018,Product2018,Category52,440
2019,Product2019,Category56,329
2020,Product2020,Category24,347
2021,Product2021,Toys,71
2022,Product2022,Category80,293
2023,Product2023,Category61,314
2024,Product2024,Electronics,216
2025,Product2025,Category47,482
2026,Product2026,Category55,340
2027,Product2027,Category75,315
2028,Product2028,Category68,376
2029,Product2029,Category77,356
2030,Product2030,Automotive,157
2031,Product2031,Category49,107
2032,Product2032,Health,387
2033,Product2033,Jewelry,256
2034,Product2034,Category27,429
2035,Product2035,Electronics,437
2036,Product2036,Category83,83
2037,Product2037,Category33,455
2038,Product2038,Category49,200
2039,Product2039,Category58,180
2040,Product2040,Sports,110
2041,Product2041,Category80,226
2042,Product2042,Category56,496
2043,Product2043,Software,12
2044,Product2044,Category41,145
2045,Product2045,Tools,205
2046,Product2046,Software,284
2047,Product2047,Category69,78
2048,Product2048,Category43,498
2049,Product2049,Category32,290
2050,Product2050,Category22,59
2051,Product2051,Category57,8
2052,Product2052,Category31,491
2053,Product2053,Category56,313
2054,Product2054,Category55,366
2055,Product2055,Music,35
2056,Product2056,Category26,129
2057,Product2057,Tools,138
2058,Product2058,Category40,95
2059,Product2059,Category86,391
2060,Product2060,Toys,500
2061,Product2061,Category83,243
2062,Product2062,Category85,99
2063,Product2063,Category40,290
2064,Product2064,Category72,290
2065,Product2065,Category53,336
2066,Product2066,Category55,103
2067,Product2067,Category68,465
2068,Product2068,Category28,175
2069,Product2069,Category56,298
2070,Product2070,Shoes,22
2071,Product2071,Category36,338
2072,Product2072,Home,104
2073,Product2073,Category64,377
2074,Product2074,Category39,147
2075,Product2075,Category24,241
2076,Product2076,Category70,366
2077,Product2077,Category68,7
2078,Product2078,Category56,243
2079,Product2079,Category20,212
2080,Product2080,Category53,389
2081,Product2081,Category56,144
2082,Product2082,Category20,408
2083,Product2083,Category32,489
2084,Product2084,Category66,47
2085,Product2085,Category58,166
2086,Product2086,Category84,1
2087,Product2087,Category86,428
2088,Product2088,Category69,269
2089,Product2089,Category27,228
2090,Product2090,Category50,458
2091,Product2091,Books,487
2092,Product2092,Category81,260
2093,Product2093,Category79,11
2094,Product2094,Category22,155
2095,Product2095,Office,450
2096,Product2096,Category75,140
2097,Product2097,Category43,392
2098,Product2098,Electronics,258
2099,Product2099,Automotive,307
2100,Product2100,Electronics,335
2101,Product2101,Category86,315
2102,Product2102,Category77,103
2103,Product2103,Toys,29
2104,Product2104,Category43,6
2105,Product2105,Category43,462
2106,Product2106,Category83,7
2107,Product2107,Sports,18
2108,Product2108,Category77,80
2109,Product2109,Category74,164
2110,Product2110,Category39,154
2111,Product2111,Tools,216
2112,Product2112,Automotive,184
2113,Product2113,Category68,434
2114,Product2114,Category22,499
2115,Product2115,Category74,91
2116,Product2116,Category29,405
2117,Product2117,Sports,4
2118,Product2118,Toys,461
2119,Product2119,Category43,7
2120,Product2120,Electronics,434
2121,Product2121,Category79,382
2122,Product2122,Category36,247
2123,Product2123,Category54,330
2124,Product2124,Category59,460
2125,Product2125,Electronics,163
2126,Product2126,Category52,294
2127,Product2127,Automotive,380
2128,Product2128,Category86,162
2129,Product2129,Category48,83
2130,Product2130,Category24,159
2131,Product2131,Category66,322
2132,Product2132,Electronics,132
2133,Product2133,Jewelry,195
2134,Product2134,Category32,203
2135,Product2135,Category37,325
2136,Product2136,Category67,465
2137,Product2137,Category67,389
2138,Product2138,Category68,428
2139,Product2139,Category80,285
2140,Product2140,Electronics,361
2141,Product2141,Category60,339
2142,Product2142,Category81,1
2143,Product2143,Garden,292
2144,Product2144,Category60,274
2145,Product2145,Category47,31
2146,Product2146,Electronics,311
2147,Product2147,Category22,120
2148,Product2148,Category78,332
2149,Product2149,Category86,480
2150,Product2150,Category73,198
2151,Product2151,Health,424
2152,Product2152,Category77,309
2153,Product2153,Category72,347
2154,Product2154,Category57,157
2155,Product2155,Category70,340
2156,Product2156,Category21,487
2157,Product2157,Category49,347
2158,Product2158,Category61,110
2159,Product2159,Category56,320
2160,Product2160,Category71,394
2161,Product2161,Category71,189
2162,Product2162,Electronics,368
2163,Product2163,Category44,380
2164,Product2164,Category56,167
2165,Product2165,Category51,378
2166,Product2166,Category47,120
2167,Product2167,Category38,42
2168,Product2168,Category45,224
2169,Product2169,Category79,271
2170,Product2170,Category69,277
2171,Product2171,Electronics,119
2172,Product2172,Category72,437
2173,Product2173,Category55,16
2174,Product2174,Books,445
2175,Product2175,Category31,447
2176,Product2176,Category60,18
2177,Product2177,Category76,375
2178,Product2178,Category74,230
2179,Product2179,Category21,69
2180,Product2180,Category67,405
2181,Product2181,Electronics,320
2182,Product2182,Category41,374
2183,Product2183,Category61,192
2184,Product2184,Category32,120
2185,Product2185,Category32,422
2186,Product2186,Category34,162
2187,Product2187,Category44,153
2188,Product2188,Category22,291
2189,Product2189,Category77,282
2190,Product2190,Category43,244
2191,Product2191,Electronics,427
2192,Product2192,Category74,470
2193,Product2193,Category61,211
2194,Product2194,Category57,378
2195,Product2195,Category41,145
2196,Product2196,Garden,21
2197,Product2197,Category43,340
2198,Product2198,Category50,237
2199,Product2199,Category48,181
2200,Product2200,Electronics,460
2201,Product2201,Jewelry,307
2202,Product2202,Clothing,50
2203,Product2203,Category27,422
2204,Product2204,Category68,365
2205,Product2205,Category45,462
2206,Product2206,Category21,399
2207,Product2207,Category61,361
2208,Product2208,Category62,215
2209,Product2209,Category37,170
2210,Product2210,Category43,196
2211,Product2211,Category67,283
2212,Product2212,Category61,23
2213,Product2213,Books,216
2214,Product2214,Garden,388
2215,Product2215,Movies,28
2216,Product2216,Tools,70
2217,Product2217,Pet Supplies,282
2218,Product2218,Category31,400
2219,Product2219,Software,377
2220,Product2220,Pet Supplies,427
2221,Product2221,Category69,8
2222,Product2222,Category52,311
2223,Product2223,Category81,101
2224,Product2224,Category37,43
2225,Product2225,Jewelry,418
2226,Product2226,Category39,413
2227,Product2227,Category62,429
2228,Product2228,Category22,142
2229,Product2229,Sports,411
2230,Product2230,Category24,369
2231,Product2231,Category78,376
2232,Product2232,Beauty,456
2233,Product2233,Category33,170
2234,Product2234,Category67,344
2235,Product2235,Category86,314
2236,Product2236,Category31,445
2237,Product2237,Automotive,127
2238,Product2238,Category84,376
2239,Product2239,Health,66
2240,Product2240,Category80,232
2241,Product2241,Category47,200
2242,Product2242,Category83,259
2243,Product2243,Category51,64
2244,Product2244,Shoes,313
2245,Product2245,Electronics,387
2246,Product2246,Category62,116
2247,Product2247,Category46,12
2248,Product2248,Category47,2
2249,Product2249,Category46,80
2250,Product2250,Category62,355
2251,Product2251,Category69,18
2252,Product2252,Category66,214
2253,Product2253,Category55,123
2254,Product2254,Category49,72
2255,Product2255,Category32,293
2256,Product2256,Movies,205
2257,Product2257,Category24,90
2258,Product2258,Software,500
2259,Product2259,Books,173
2260,Product2260,Category74,31
2261,Product2261,Category20,471
2262,Product2262,Office,368
2263,Product2263,Electronics,426
2264,Product2264,Category24,279
2265,Product2265,Category82,451
2266,Product2266,Category69,145
2267,Product2267,Electronics,254
2268,Product2268,Category26,310
2269,Product2269,Category37,285
2270,Product2270,Category85,283
2271,Product2271,Category66,436
2272,Product2272,Garden,339
2273,Product2273,Category64,45
2274,Product2274,Electronics,499
2275,Product2275,Category22,470
2276,Product2276,Category29,75
2277,Product2277,Beauty,193
2278,Product2278,Movies,13
2279,Product2279,Clothing,492
2280,Product2280,Category71,84
2281,Product2281,Category83,270
2282,Product2282,Office,361
2283,Product2283,Category42,61
2284,Product2284,Category80,9
2285,Product2285,Category62,455
2286,Product2286,Category86,5
2287,Product2287,Category41,484
2288,Product2288,Category75,252
2289,Product2289,Category75,90
2290,Product2290,Category60,125
2291,Product2291,Category78,214
2292,Product2292,Category53,255
2293,Product2293,Category74,242
2294,Product2294,Category56,37
2295,Product2295,Category59,363
2296,Product2296,Category43,341
2297,Product2297,Automotive,136
2298,Product2298,Category35,101
2299,Product2299,Category46,294
2300,Product2300,Toys,311
2301,Product2301,Category58,464
2302,Product2302,Home,259
2303,Product2303,Category31,473
2304,Product2304,Category34,404
2305,Product2305,Movies,373
2306,Product2306,Category42,295
2307,Product2307,Category35,385
2308,Product2308,Category50,176
2309,Product2309,Tools,54
2310,Product2310,Category76,365
2311,Product2311,Health,48
2312,Product2312,Category67,392
2313,Product2313,Category47,114
2314,Product2314,Category58,275
2315,Product2315,Beauty,439
2316,Product2316,Music,392
2317,Product2317,Category71,205
2318,Product2318,Clothing,310
2319,Product2319,Electronics,496
2320,Product2320,Shoes,119
2321,Product2321,Category62,6
2322,Product2322,Category43,315
2323,Product2323,Software,191
2324,Product2324,Category24,478
2325,Product2325,Category75,411
2326,Product2326,Jewelry,450
2327,Product2327,Electronics,1
2328,Product2328,Category69,382
2329,Product2329,Category67,181
2330,Product2330,Category85,21
2331,Product2331,Toys,219
2332,Product2332,Electronics,85
2333,Product2333,Category21,51
2334,Product2334,Category69,257
2335,Product2335,Garden,66
2336,Product2336,Category25,323
2337,Product2337,Category42,254
2338,Product2338,Category82,200
2339,Product2339,Category52,428
2340,Product2340,Books,394
2341,Product2341,Category45,421
2342,Product2342,Category70,277
2343,Product2343,Jewelry,186
2344,Product2344,Category42,190
2345,Product2345,Category34,499
2346,Product2346,Office,1
2347,Product2347,Electronics,335
2348,Product2348,Category77,45
2349,Product2349,Category48,445
2350,Product2350,Health,211
2351,Product2351,Sports,177
2352,Product2352,Category58,490
2353,Product2353,Category29,183
2354,Product2354,Category58,262
2355,Product2355,Sports,257
2356,Product2356,Software,473
2357,Product2357,Category67,465
2358,Product2358,Electronics,313
2359,Product2359,Electronics,171
2360,Product2360,Electronics,198
2361,Product2361,Movies,95
2362,Product2362,Category77,249
2363,Product2363,Category78,126
2364,Product2364,Category31,333
2365,Product2365,Category20,268
2366,Product2366,Category86,253
2367,Product2367,Category84,93
2368,Product2368,Category67,345
2369,Product2369,Books,261
2370,Product2370,Category41,272
2371,Product2371,Category47,382
2372,Product2372,Category80,178
2373,Product2373,Category49,217
2374,Product2374,Electronics,178
2375,Product2375,Grocery,234
2376,Product2376,Category80,339
2377,Product2377,Music,475
2378,Product2378,Category75,102
2379,Product2379,Electronics,89
2380,Product2380,Movies,101
2381,Product2381,Category79,392
2382,Product2382,Category65,424
2383,Product2383,Category61,115
2384,Product2384,Category32,211
2385,Product2385,Category28,293
2386,Product2386,Category48,298
2387,Product2387,Category59,469
2388,Product2388,Tools,451
2389,Product2389,Beauty,211
2390,Product2390,Category22,315
2391,Product2391,Category20,414
2392,Product2392,Category47,77
2393,Product2393,Automotive,321
2394,Product2394,Category43,285
2395,Product2395,Category79,133
2396,Product2396,Books,428
2397,Product2397,Category26,384
2398,Product2398,Category63,243
2399,Product2399,Category71,129
2400,Product2400,Category26,302
2401,Product2401,Category58,249
2402,Product2402,Electronics,247
2403,Product2403,Category34,237
2404,Product2404,Electronics,78
2405,Product2405,Category74,36
2406,Product2406,Category23,376
2407,Product2407,Category43,13
2408,Product2408,Category82,290
2409,Product2409,Category25,269
2410,Product2410,Electronics,490
2411,Product2411,Category20,438
2412,Product2412,Category38,141
2413,Product2413,Category67,444
2414,Product2414,Category26,251
2415,Product2415,Category75,62
2416,Product2416,Category26,47
2417,Product2417,Health,290
2418,Product2418,Category48,122
2419,Product2419,Category80,135
2420,Product2420,Jewelry,138
2421,Product2421,Category82,342
2422,Product2422,Category25,34
2423,Product2423,Category85,494
2424,Product2424,Category65,4
2425,Product2425,Movies,55
2426,Product2426,Category41,198
2427,Product2427,Category64,206
2428,Product2428,Category21,372
2429,Product2429,Category61,157
2430,Product2430,Category72,206
2431,Product2431,Category30,448
2432,Product2432,Category43,465
2433,Product2433,Category65,429
2434,Product2434,Category37,459
2435,Product2435,Category85,224
2436,Product2436,Electronics,205
2437,Product2437,Category75,305
2438,Product2438,Category28,373
2439,Product2439,Electronics,257
2440,Product2440,Shoes,96
2441,Product2441,Category34,214
2442,Product2442,Category48,301
2443,Product2443,Category52,276
2444,Product2444,Baby,407
2445,Product2445,Category46,275
2446,Product2446,Category80,329
2447,Product2447,Category57,259
2448,Product2448,Category44,312
2449,Product2449,Electronics,203
2450,Product2450,Electronics,371
2451,Product2451,Category35,424
2452,Product2452,Category36,135
2453,Product2453,Category73,194
2454,Product2454,Music,180
2455,Product2455,Category31,279
2456,Product2456,Category49,124
2457,Product2457,Category86,34
2458,Product2458,Category63,17
2459,Product2459,Health,378
2460,Product2460,Category63,182
2461,Product2461,Category35,7
2462,Product2462,Music,498
2463,Product2463,Category71,486
2464,Product2464,Electronics,113
2465,Product2465,Category79,475
2466,Product2466,Category74,441
2467,Product2467,Shoes,185
2468,Product2468,Category74,385
2469,Product2469,Electronics,291
2470,Product2470,Category45,362
2471,Product2471,Category30,418
2472,Product2472,Category26,53
2473,Product2473,Category35,131
2474,Product2474,Category70,406
2475,Product2475,Pet Supplies,243
2476,Product2476,Category50,85
2477,Product2477,Health,19
2478,Product2478,Category28,105
2479,Product2479,Clothing,301
2480,Product2480,Category24,110
2481,Product2481,Category61,236
2482,Product2482,Music,435
2483,Product2483,Category79,77
2484,Product2484,Category80,56
2485,Product2485,Toys,489
2486,Product2486,Category49,96
2487,Product2487,Office,188
2488,Product2488,Category31,27
2489,Product2489,Electronics,206
2490,Product2490,Clothing,307
2491,Product2491,Category85,444
2492,Product2492,Category75,40
2493,Product2493,Category48,321
2494,Product2494,Category58,109
2495,Product2495,Beauty,420
2496,Product2496,Electronics,141
2497,Product2497,Category46,105
2498,Product2498,Pet Supplies,216
2499,Product2499,Category56,88
2500,Product2500,Category75,383
